{
    "root_path": "/home/hung/LOMMA/attack_results_NoDef_FaceNet64",
    "dataset":{
        "model_name": "FaceNet64",
        "test_file_path": "./datasets/celeba/meta/testset.txt",
        "gan_file_path": "./datasets/celeba/meta/ganset.txt",
        "name": "ffhq",
        "img_path": "./datasets/celeba/img_align_celeba",
        "img_gan_path": "./datasets/celeba/img_align_celeba",
        "n_classes":1000,
        "fid_real_path": "./datasets/celeba/meta/celeba_target_300ids.npy",
        "KNN_real_path": "./datasets/celeba/meta/fea_target_300ids.npy",
        "p_reg_path": "./checkpoints/p_reg"
    },  

    "train":{
        "model_types": "FaceNet64,efficientnet_b0,efficientnet_b1,efficientnet_b2",
        "cls_ckpts": "/home/hung/PLG_MI/baselines/checkpoints/target_ckp_random_erasing_0.1_0.1_1_1_meansub/FaceNet64_87.47_allclass.tar,./checkpoints/aug_ckp_MIDRE_0.1_0.5_1_1_meansub/celeba/IR152_efficientnet_b0_0.02_1.0/IR152_efficientnet_b0_kd_0_20.pt,./checkpoints/aug_ckp_MIDRE_0.1_0.5_1_1_meansub/celeba/IR152_efficientnet_b1_0.02_1.0/IR152_efficientnet_b1_kd_0_20.pt,./checkpoints/aug_ckp_MIDRE_0.1_0.5_1_1_meansub/celeba/IR152_efficientnet_b2_0.02_1.0/IR152_efficientnet_b2_kd_0_20.pt",      
        "num_seeds": 5,
        "Nclass": 300,
        "gan_model_dir": "/home/hung/LOMMA/checkpoints/GAN_NoDef_FaceNet64",
        "eval_model": "FaceNet",
        "eval_dir": "./evaluation_model/FaceNet_95.88.tar"
        },

    "attack":{
        "method": "kedmi",
        "variant": "ours",
        "iters_mi": 2400,
        "lr": 0.02,
        "lam": 1.0,
        "same_z":"",
        "eval_metric": " acc"
    }
}


