{
    "root_path": "./attack_results_MIDRE_0.1_0.4_1_1_meansub_IR152",
    "dataset":{
        "model_name": "IR152",
        "test_file_path": "./datasets/celeba/meta/testset.txt",
        "gan_file_path": "./datasets/celeba/meta/ganset.txt",
        "name": "celeba",
        "img_path": "/content/datasets/datasets/celeba/img_align_celeba",
        "img_gan_path": "/content/datasets/datasets/celeba/img_align_celeba",
        "n_classes":1000,
        "fid_real_path": "./datasets/celeba/meta/celeba_target_300ids.npy",
        "KNN_real_path": "./datasets/celeba/meta/fea_target_300ids.npy",
        "p_reg_path": "./checkpoints/p_reg"
    },  

    "train":{
        "model_types": "IR152,efficientnet_b0,efficientnet_b1,efficientnet_b2",
        "cls_ckpts": "/content/drive/MyDrive/Model_Inversion/checkpoints/target_models/target_ckp_random_erasing_0.1_0.4_1_1_meansub/IR152_84.91_allclass.tar, /content/drive/MyDrive/Model_Inversion/LOMMA/checkpoints/MIDRE_0.1_0.4_1_1_meansub_IR152/celeba/IR152_efficientnet_b0_0.02_1.0/IR152_efficientnet_b0_kd_0_20.pt, /content/drive/MyDrive/Model_Inversion/LOMMA/checkpoints/MIDRE_0.1_0.4_1_1_meansub_IR152/celeba/IR152_efficientnet_b1_0.02_1.0/IR152_efficientnet_b1_kd_0_20.pt ,/content/drive/MyDrive/Model_Inversion/LOMMA/checkpoints/MIDRE_0.1_0.4_1_1_meansub_IR152/celeba/IR152_efficientnet_b2_0.02_1.0/IR152_efficientnet_b2_kd_0_20.pt",      
        "num_seeds": 5,
        "Nclass": 300,
        "gan_model_dir": "/content/drive/MyDrive/Model_Inversion/LOMMA/checkpoints/GAN_MIDRE_0.1_0.4_1_1_meansub_IR152",
        "eval_model": "FaceNet",
        "eval_dir": "./evaluation_model/FaceNet_95.88.tar"
        },

    "attack":{
        "method": "kedmi",
        "variant": "ours",
        "iters_mi": 2400,
        "lr": 0.02,
        "lam": 1.0,
        "same_z":"",
        "eval_metric": " acc, knn"
    }
}


