{
    "root_path": "./attack_results_NoDef/",
    "dataset":{
        "model_name": "FaceNet64",
        "test_file_path": "./datasets/celeba/meta/testset.txt",
        "gan_file_path": "./datasets/ffhq/meta/ganset_ffhq.txt",
        "name": "ffhq",
        "img_path": "./datasets/celeba/img_align_celeba",        
        "img_gan_path": "/home/hung/PLG_MI/datasets/ffhq/thumbnails128x128",
        "n_classes":1000,
        "fid_real_path": "./datasets/celeba/meta/celeba_target_300ids.npy",
        "KNN_real_path": "./datasets/celeba/meta/fea_target_300ids.npy",
        "p_reg_path": "./checkpoints/p_reg"
    },

    "train":{
        "model_types": "FaceNet64,efficientnet_b0,efficientnet_b1,efficientnet_b2",
        "cls_ckpts": "/home/hung/PLG_MI/baselines/checkpoints/FaceNet64_88.50.tar, /home/hung/LOMMA/FaceNet64_ffhq/aug_cpkt/FaceNet64_efficientnet_b0_0.02_1.0/FaceNet64_efficientnet_b0_kd_0_20.pt, /home/hung/LOMMA/FaceNet64_ffhq/aug_cpkt/FaceNet64_efficientnet_b1_0.02_1.0/FaceNet64_efficientnet_b1_kd_0_20.pt,/home/hung/LOMMA/FaceNet64_ffhq/aug_cpkt/FaceNet64_efficientnet_b2_0.02_1.0/FaceNet64_efficientnet_b2_kd_0_20.pt",      
        "num_seeds": 5,
        "Nclass": 300,
        "gan_model_dir": "FaceNet64_ffhq/GAN/",
        "eval_model": "FaceNet",
        "eval_dir": "./evaluation_model/FaceNet_95.88.tar"
        },

    "attack":{
        "method": "kedmi",
        "variant": "ours",
        "iters_mi": 2400,
        "lr": 0.02,
        "lam": 1.0,
        "same_z":"",
        "eval_metric": "fid, acc, knn"
    }
}
