{
    "root_path": "./checkpoints/aug_ckp_MIDRE_0.1_0.5_1_1_meansub/",
    "dataset":{
        "gan_file_path": "./datasets/celeba/meta/ganset.txt",
        "test_file_path": "./datasets/celeba/meta/testset.txt",
        "name": "celeba",
        "model_name": "IR152",
        "img_path": "./datasets/celeba/img_align_celeba",
        "img_gan_path": "./datasets/celeba/img_align_celeba",
        "n_classes": 1000,
        "batch_size": 64
    },

    "train":{
        "epochs": 20,
        "target_model_name": "IR152", 
        "target_model_ckpt": "/home/hung/PLG_MI/baselines/checkpoints/target_ckp_random_erasing_0.1_0.5_1_1_meansub/IR152_82.85_allclass.tar",
        "student_model_name": "efficientnet_b2",
        "device": "cuda",
        "lr": 0.02,
        "temperature": 1.0,
        "seed": 0,
        "log_interval": -1
        }
}
