{
    "root_path": "./checkpoints/aug_ckp/",
    "dataset":{
        "gan_file_path": "./datasets/ffhq/meta/ganset_ffhq.txt",
        "test_file_path": "./datasets/celeba/meta/testset.txt",
        "name": "ffhq",
        "model_name": "IR152",
        "img_path": "./datasets/celeba/img_align_celeba",
        "img_gan_path": "./datasets/ffhq/thumbnails128x128",
        "n_classes": 1000,
        "batch_size": 64
    },

    "train":{
        "epochs": 20,
        "target_model_name": "IR152", 
        "target_model_ckpt": "./target_model/IR152_91.16.tar",
        "student_model_name": "efficientnet_b0",
        "device": "cuda",
        "lr": 0.02,
        "temperature": 1.0,
        "seed": 0,
        "log_interval": -1
        }
}
