{
    "root_path":"./checkpoints/GAN_NoDef_FaceNet64",
    
    "dataset":{
        "gan_file_path": "./datasets/celeba/meta/ganset.txt",
        "model_name": "FaceNet64",
        "name": "celeba",
        "img_gan_path": "./datasets/celeba/img_align_celeba",
        "n_classes":1000
    },

    "train":{
        "model_types": "FaceNet64",      
        "num_seeds": 5,
        "Nclass": 300
    },

    "FaceNet64":{
        "lr": 0.0002,
        "batch_size": 64,
        "z_dim": 100,
        "epochs": 120,
        "n_critic": 5,
        "unlabel_weight": 10,
        "cls_ckpts": "/home/hung/PLG_MI/baselines/checkpoints/FaceNet64_88.50.tar"
    },

    "VGG16_BiDO":{
        "lr": 0.0002,
        "batch_size": 64,
        "z_dim": 100,
        "epochs": 120,
        "n_critic": 5,
        "unlabel_weight": 10,
        "cls_ckpts": "s"
    },

    "VGG16_Vib":{
        "lr": 0.0002,
        "batch_size": 64,
        "z_dim": 100,
        "epochs": 120,
        "n_critic": 5,
        "unlabel_weight": 10,
        "cls_ckpts": "h"
    },

    "IR152":{
        "lr": 0.0002,
        "batch_size": 64,
        "z_dim": 100,
        "epochs": 120,
        "n_critic": 5,
        "unlabel_weight": 10,
        "cls_ckpts": ""
    }
}