{
  "dataset": {
    "gan_file_path": "../attack_dataset/CelebA/ganset.txt",
    "train_file":"../attack_dataset/CelebA/trainset.txt",
    "test_file":"../attack_dataset/CelebA/testset.txt",
    "model_name": "VGG16",
    "name": "celeba",
    "img_path": "../attack_dataset/CelebA/Img/",
    "n_classes": 1000,
    "stage": "train_gan - first stage"
  },
  "train_gan - first stage": {
    "lr": 0.0002,
    "batch_size": 64,
    "z_dim": 100,
    "epochs": 100,
    "n_critic": 5,
    "unlabel_weight": 10
  },
  "FaceNet": {
    "lr": 0.004,
    "batch_size": 64,
    "epochs": 300
  },
  "VGG16": {
    "lr": 0.01,
    "batch_size": 64,
    "epochs": 300
  }
}
